Clause/Provision Number,Title,Date,Prescribed In,Provision or Clause,UCF,IBR or FT,Fill In,Mod or Sub,App Dev,Supply FP,Supply CR,R&D FP,R&D CR,Service FP,Service CR,Construction FP,Construction CR,Time & Material/ Labor Hour,Archetecture & Engineering,Idefinite Delivery,Transportation,Simplified Acquisition Procedures,Commercial Items
1852.203-70,Display of Inspector General Hotline Posters,SEP 2025 (DEVIATION),1803.7001,C,I,IBR,,,PCD 25-34,A,A,A,A,A,A,A,A,A,A,A,A,,
1852.203-71,Requirements to Inform Employees of Whistleblower Rights,SEP 2025 (DEVIATION),1803.97,C,I,IBR,,,PCD 25-34,R,R,R,R,R,R,R,R,R,R,R,R,R,
1852.208-81,Restrictions on Printing and Duplicating,SEP 2025 (DEVIATION),1808.57,C,H,IBR,,,PCD 25-18,A,A,,A,A,A,,,A,,A,A,A,
1852.208-82,Federal Automotive Statistical Tool Reporting,2026-03-01,1808.17,C,H,IBR,,,PCD 25-18A,,,,A,A,,,,A,,,A,,
1852.209-71,Limitation of Future Contracting,DEC 1998,1809.209-71,C,H,FT,X,X,,O,O,O,O,O,O,O,O,O,,O,O,O,
1852.214-70,Caution To Offerors Furnishing Descriptinve Literature,DEC 2025 (DEVIATION),1814.207-70 (a),P,L,IBR,,,PCD 25-39,A,,,,A,,A,,,,A,,,
1852.214-71,Award Grouping,DEC 2025 (DEVIATION),1814.207-70 (b),P,M,FT,X,,PCD 35-39,A,O,,,A,O,A,,O,,A,A,,
1852.215-77,Preproposal/Pre-bid Conference,APR 2015,1815.110-70(a),P,L,FT,X,,,A,A,A,A,A,A,A,A,A,,A,A,,
1852.215-78,Make or Buy Program Requirements,DEC 2025 (DEVIATION),1815.110-70(b),P,L,IBR,,,PCD 25-49,A,A,A,A,A,A,,,A,,A,,,
1852.215-79,"Price Adjustmen for ""Make-or-Buy"" Changes",JUN 2018,1815.110-70 ( c),C,I,FT,,,,A,A,A,A,A,A,,,A,,A,,,
1852.215-81,Proposal Page Limitations,APR 2015,1815.110-70 (d),P,l,FT,X,,,A,A,A,A,A,A,A,A,A,,A,A,A,
1852.215-84,Ombudsman,NOV 2023,1815.110-70 (e),C,I,IBR,,,,R,R,R,R,R,R,R,R,R,,R,R,R,R
1852.215-85,Proposal Adequacy Checklist,DEC 2025 (DEVIATION),1815.110-70(f),P,L,FT,,,PCD 25-49,A,A,A,A,A,A,A,A,A,A,A,A,,
1852.216-72,Award Term,AUG 2017,1816.406-70(g),C,I,FT,,,,A,,A,A,,A,,,A,A,A,,,
1852.216-73,Estimated Cost and Cost Sharing,DEC 2025 (DEVIATION),1816.307-70(a),C,B,FT,,,PCD 25-53,,,,A,,,,,,,,,,
1852.216-74,Estimated Cost and Fixed Fee,DEC 1991,1816.307-70 (b),C,B,FT,,,,,O,,O,,O,,O,,,,,,
1852.216-75,Payment of Fixed Fee,DEC 2025 (DEVIATION),1816.307-70 (c),C,G,IBR,,,PCD 25-53,,O,,O,,O,,O,,,,,,
1852.216-76,Award Fee for Service Contracts,DEC 2025 (DEVIATION),1816.406-70 (a),C,G,FT,,,PCD 25-53,,,A,A,A,A,,,A,A,A,,,
1852.216-77,Award Fee for End Item Contracts,DEC 2025 (DEVIATION),1816.406-70 (b),C,G,FT,,,PCD 25-53,,A,A,A,,,A,A,,,A,,,
1852.216-78,Firm Fixed Price,DEC 2025 (DEVIATION),1816.202-70,C,B,FT,,,PCD 25-53,,A,,A,,A,,A,,A,,,,
1852.216-80,Task Ordering Procedure,DEC 2025 (DEVIATION),1816.506-70,C,I,FT,,,PCD 25-53,,A,A,A,A,A,A,A,,,A,A,,
1852.216-80,Alternate 1,APR 2018,1816.506-70(a),C,I,FT,,,,,A,A,A,A,A,A,A,,,A,A,,AA
1852.216-80,Alternate II,APR 2018,1816.506-70(b),C,I,FT,,,,A,,A,A,A,,A,,,,A,A,,
1852.216-81,Estimated Cost,DEC 1988,1816.307-70 (d),C,B,FT,X,,,,A,,A,,A,,A,A,,,,,
1852.215-83,Fixed Price Incentive,OCT 1996,1816.406-70 ( c),C,B,FT,X,X,,O,,,,O,,O,,O,,,,O,
1852.216-84,Estimated Cost and Incentive Fee,OCT 1996,1816.406-70 (d),C,B,FT,X,,,,O,,O,,O,,O,,,,,,
1852.216-85,Estimated Cost and Award Fee,SEP 1993,1816.406-70 (e ),C,B,FT,X,,,,O,,O,,O,,O,,,,,,
1852.216-85,Alternate I,SEP 1993,1816.406-70 (e ),C,B,FT,X,,,,O,,O,,O,,O,,,,,,
1852.216-88,Performance Incentive,APR 2015,1816.406-70 (f ),C,B,FT,X,X,,,O,,O,,,,,,,,,,A
1852.216-89,Assignment and Release of Forms,DEC 2025 (DEVIATION),1816.406-70 (f),C,I,IBR,,,PCD 25-53,,A,,A,,A,,A,A,,A,A,,
1852.216-90,Allowability of Legal Costs Incurrred in Connection with a Whistleblower Proceeding,JUL 2023,1816.307-70 (g),C,I,IBR,,,,,A,,A,,A,,A,A,A,A,A,O,
1852.217-71,Phased Acquisition Using Down-Selection Procedures,SEP 2025 (DEVIATION),1817.7002 (a),C,I,FT,X,X,PCD 25-35,,,,A,,,,,,,,,,
1852.217-72,Phase Acquisition Using Progressive Competition Down-Selection Procedures,SEP 2025 (DEVIATION),1817.7002(b),C,I,FT,X,X,PCD 25-35,,,,A,,,,,,,,,,
1852.219-11,Special 8 (a) Contract Conditions,APR 2015,1819.108-70 (c ),C,I,FT,X,,PCD 15-35,,A,A,A,A,A,A,A,A,A,A,A,,
1852.219-18,Notification of Competition Limited to Eligible 8 (a) Concerns,APR 2015,1819.108-70(d),C,I,FT,X,,PCD 15-35,,A,A,A,A,A,A,A,A,A,A,A,,
1852.219-73,Small Business Subcontracting Plan,MAY 1999,1819.708-70 (a),P,L,FT,X,,PPD 99-35,,A,A,A,A,A,A,A,A,,A,A,,A
1852.219-75,Individual Subcontracting Reports,APR 2015,1819.708-70 (b),C,I,IBR,,,PCD 15-35,,A,A,A,A,A,A,A,A,,A,A,,
1952.219-77,NASA Small Business Supplier Development Program,FEB 2026 (DEVIATION),1819.7208,C,I,IBR,,,PCD 26-48A,,A,A,A,A,A,A,A,A,,A,A,,
1852.219-79,Mentor Requirements and Evaluation,FEB 2026 (DEVIATION),1819.7208,C,I,IBR,,,PCD 26-48A,A,A,A,A,A,A,A,A,A,,A,A,A,
1852.219-80,Limitation on Subcontracting -- SBIR Phase I Program,(OCT 2026),1819.7302(a),C,I,IBR,,,PCD 026-35,A,A,A,A,A,A,A,A,A,,A,A,A,
1852.219-81,Limitation on Subcontracting -- SBIR Phase II Program,(OCT 2006),1819.7302(b),C,I,IBR,,,PCD 006-35,A,A,A,A,A,A,A,A,A,,A,A,A,
1852.219-82,Limitation on Subcontracting STTR Program,(OCT 2006),1819.7302(c ),C,I,IBR,,,PCD 006-35,A,A,A,A,A,A,A,A,A,,A,A,A,
1852.219-83,Limitation of the Principal Investigator - SBIR Program,(OCT 2006),1819.7302(d),C,I,FT,X,,PCD 006-35,A,A,A,A,A,A,A,A,A,,A,A,A,
1852.219-84,Limitation of the Principal Investigator - STTR Program,(OCT 2006),1819.7302(e ),C,I,FT,X,,PCD 006-35,A,A,A,A,A,A,A,A,A,,A,A,A,
1852.219-85,Conditions for Final Payment -SBIR and STTR Contracts,(OCT 2006),1819.7302(f),C,I,FT,X,,PCD 006-35,A,A,A,A,A,A,A,A,A,,A,A,A,
1852.225-8,Duty-Free Entry of Space Articles,FEB 2000,1825.904,C,I,FT,X,,PCD 00-35,A,A,A,A,A,A,A,,A,,A,A,A,
1852.225-70,Export Licenses,DEC 2025 (DEVIATION),1825.603-70(b),C,H,FT,X,,PCD 25-54,A,A,A,A,A,A,A,A,A,,A,A,A,A
1852.225-71,Restriction on Funding Activity with China,DEC 2025 (DEVIATION),1825.7001-70(a),C,I,FT,,,PCD 25-54,R,R,R,R,R,R,R,R,R,R,R,R,R,
1852.225-72,Restriction on Funding Activity with China - Representation,DEC 2025 (DEVIATION),1825.7001-70(b),P,K,FT,,,PCD 25-55,R,R,R,R,R,R,R,R,R,R,R,R,R,
1852.225-73,Travel Outside of the United States,2026-02-01,1825.7101(a),C,G,IBR,,,PCD 26-54A,,,,A,,A,,A,A,,A,A,,
1852.225-74,Emergency Medical Services and Evacuation,2026-02-01,1825.7101 (b),C,H,IBR,,,PCD 26-54A,A,A,A,A,A,A,A,A,A,,A,A,A,
1852.226-70,Drug-and Alchohol-Free Workplace,2026-02-01,1826.570-2,C,I,IBR,,,PCD 26-17A,A,A,,A,A,A,A,A,A,A,A,A,,
1852.226-71,Safety and Health Measures and Mishap Reporting,2026-02-01,1826.7001 (a),C,H,IBR,,,PCD 26-17A,,A,A,A,A,A,A,A,A,A,A,A,A,A
1852.226-72,Safety and Health Plan,2026-02-01,1826.7001 (c),P,L,IBR,,,PCD 26-17A,A,A,A,A,A,A,A,A,A,A,A,A,A,A
1852.226-73,Major Breach of Safety,2026-02-01,1826.7001 (e)(1),C,H,IBR,,,PCD 26-17A,A,A,A,A,A,A,A,A,A,,A,A,A,
1852.226-74,Safety and Health (Short Form),2026-02-01,1826.7001 (f),C,H,IBR,,,PCD 26-17A,A,A,A,A,A,A,A,A,A,A,A,A,A,A
1852.227-11,Patent Rights -- Ownership by the Contractor,JAN 2026 (DEVIATION),1827.303(b)(1),C,I,IBR,,,PCD 26-02,,,A,A,A,A,A,A,A,,A,,A,
1852.227-14,Rights in Data -- General,JUN 2026 (DEVIATION),1827.409(b)(1),C,I,IBR,,,PCD 26-02A,A,A,A,A,A,A,,,A,,A,A,A,
1852.227-70,New Technology - Other than a Small Business Firm or Nonprofit Organization,JUN 2026 (DEVIATION),1827.303(d)(1),C,G,IBR,,,PCD 26-02A,,,A,A,A,A,A,A,A,,,,A,
1852.227-71,Request for Waiver of Rights to Inventions,JAN 2026 (DEVIATION),1827.303(d)(2),P,L,IBR,,,PCD 26-02,,,A,A,A,A,A,A,A,,,,A,
1852.227-72,Designation of New Technology Representative and Patent Representative,JUN 2026 (DEVIATION),1827.303(d)(3),C,G,IBR,,,PCD 26-02A,,,A,A,A,A,A,A,A,,,,A,
1852.227-84,Patent Rights Clauses,APR 2015,1827.303(a)(1),P,L,IBR,,,,,,A,A,A,A,A,A,A,,,,A,
1852.227-85,Invention Reporting and Rights -- Foreign,JUN 2026 (DEVIATION),1827.303(e )(1),C,G,IBR,,,PCD 26-02A,,,,A,A,A,A,A,A,,,,A,
1852.227-86,Commercial Computer Software,JUN 2026 (DEVIATION),1827.409(g),C,G,IBR,,,PCD 26-02A,A,A,A,A,A,A,A,A,A,,A,,A,
1852.227-88,Government-furnished computter software and related technical data,APR 2015,1827.409(j),C,I,IBR,,,PCD 26-01,A,A,A,A,A,A,A,A,A,A,A,A,A,A
1852.228-70,Aircraft Ground and Flight Risk,SEP 2025 (DEVIATION),1828.370(a),C,H,IBR,X,,PCD 25-29,,A,,A,,A,,,A,,A,A,A,
1852.228-71,Aircraft Flight Risks,SEP 2025 (DEVIATION),1828.311-270(a),C,H,IBR,,,PCD 25-29,,A,,A,,A,,,A,,A,A,A,
1852.228-75,Minimum Insurance Coverage,SEP 2025 (DEVIATION),1828.372,C,I,IBR,,X,PCD 25-29,O,O,O,O,O,O,O,O,O,,O,O,O,
1852.228-76,Cross-Waiver of Liability for International Space Station Activities,SEP 2025 (DEVIATION),1828.370(c ),C,H,IBR,,,PCD 25-29,A,A,A,A,A,A,A,A,A,,A,A,A,A
1852.228-78,Cross-Waiver of Liability for Science or Space Exploration Activities Unrelated to the International Space Station,SEP 2025 (DEVIATION),1828.370(b),C,H,IBR,,,PCD 25-29,A,A,A,A,A,A,A,A,A,,A,A,A,A
1852.228-80,Insurance - Immunity from Tort Liability,SEP 2025 (DEVIATION),1828.311-270(b),P,L,IBR,,,PCD 25-29,,,,R,,,,,,,,,,
1852.228-81,Insurance - Partial Immunity from Tort Liability,SEP 2025 (DEVIATION),1828.311-270(c ),C,I,IBR,,,PCD 25-29,,,,A,,,,,,,,,,
1852.228-82,Insurance - Total Immunity from Tort Liability,SEP 2025 (DEVIATION),1828.311-270(d),C,I,IBR,,,PCD 25-29,,,,A,,,,,,,,,,
1852.231-70,Precontract Costs,AUG 2025 (DEVIATION),,C,I,FT,X,,PCD 25-12,,A,,A,,A,,A,A,,A,A,A,
1852.232-70,NASA Modification of FAR 52.232-12,APR 2015,1832.412-70,C,I,FT,,,PCD 15-35,A,A,A,A,A,A,A,A,A,,A,A,A,
1852.232-77,Limitation of Funds (Fixed Price Contract),MAR 1989,1832.707-270 (a),C,H,FT,X,X,PCD 89-35,A,,A,,A,,A,,,,,,,
1852.232-79,Payment for On-Site Preparatory Costs,SEP1987,1832.111-70,C,I,IBR,,,PCD 7-35,,,,,,,A,,,,,,,
1852.232-80,Submission of Vouchers for Payment,ARP 2018,1832.908-70,C,G,FT,,,PCD 18-35,R,R,R,R,R,R,R,R,R,R,A,R,A,
1852.232-81,Contract Funding,JUN 1990,1832.707-270( b),C,B,FT,X,X,PCD 90-35,,A,,A,,A,,A,,,A,,,
1852.232-82,Submission of Request for Progress Payments,MAR 1989,1832.502-470,C,G,FT,,X,PCD 89-35,O,,O,,O,,O,,O,,O,O,,
1852.233-70,Protest to NASA,SEP 2025 (DEVIATION),1833.107-70,P,L,IBR,,,PPD 25-35,R,R,R,R,R,R,R,R,R,,R,R,A,
1852.234-1,Notice of Earned Value Management System,JUN 2025 (DEVIATION),1834.203-70 (a),P,L,FT,,,PCD 25-05A,A,A,A,A,A,A,A,A,A,,,,,
1852.234-2,Earned Value Mangement System,JUN 2025 (DEVIATION),1834.203-70 (b),C,I,FT,,,PCD 25-05A,A,A,A,A,A,A,A,A,A,,,,,
1852.234-2,Alternate I,JUN 2025 (DEVIATION),1834.203-70(b),C,I,IBR,,,PCD 25-05A,A,A,A,A,A,A,A,A,A,,,,,
1852.235-70,NASA Scientific and Technical Information (STI) Compliance and Distribution Services,AUG 2025 (DEVIATION),1835.101-70(a),C,I,IBR,,,PCD 25-13,,A,R,R,,,,,A,,,,A,
1852.235-71,Essential Personnel and Facilities,AUG 2025 (DEVIATION),1835.101-70 (b),C,H,FT,X,,PCD 25-13,,,,A,A,A,A,,A,,,,,
1852.235-72,Instructions for Responding to NASA Research Announcements,AUG 2025 (DEVIATION),1835.101-70(c),P,L,IBR,,,PCD 25-13,,,,A,A,A,A,A,A,,,,O,
1852.235-73,Final Scientific and Technical Reports,SEP 2025 (DEVIATION),1835.101-70(d),C,H,IBR,,,PCD 25-13,,A,R,R,,,,,,,,,A,
1852.235-74,Additional Reports of Work - Research and Development,SEP 2025 (DEVIATION),1835.101-70(e ),C,H,FT,X,X,PCD 25-13,,A,A,A,,,,,,,,,A,
1852.236-71,Additive or Deductive Items,AUG 2025 (DEVIATION),1836.101-770(b),P,L,IBR,,,PCD 25-14,,,,,,,A,,,,,,,
1852.236-72,Bids with Unit Prices,AUG 2025 (DEVIATION),1836.101-770(c),P,L,IBR,,,PCD 25-14,,,,,,,A,,,,,,,
1852.236-73,Hurrican Plan,AUG 2025 (DEVIATION),1836.101-770(d),C,I,IBR,,,PCD 25-14,,,,,,,A,A,,,,,,
1852.236-75,Partnering for Construction Contracts,AUG 2025 (DEVIATION),1836.7004,C,H,FT,X,,PCD 25-14,,,,,,,O,O,,,,,,
1852.237-70,Emergency Evacuation Procedures,DEC 2025 (DEVIATION),1837.802-71 (a),C,I,IBR,,,PCD 25-40,,,A,A,A,,A,A,A,,,A,,A
1852.237-71,Pension Portability,DEC 2025 (DEVIATION),1837.802-71(b),C,I,IBR,,,PCD 25-40,,,,,A,A,,,,,,,,
1852.237-72,Access to Sensitive Information,DEC 2025 (DEVIATION),1837.802-71( c),C,I,IBR,,,PCD 25-40,,,A,A,A,A,,,,,A,,A,A
1852.237-73,Release of Sensitive Information,DEC 2025 (DEVIATION),1837.802-71(d),C,I,IBR,,,PCD 25-40,R,R,R,R,R,R,R,R,R,R,R,R,R,R
1852.239-70,Authorization for Radio Frequency Use,2026-03-01,1839.7001,C,G,IBR,,,PCD 26-06A,A,A,A,A,A,A,A,A,A,A,A,A,A,A
1852.240-75,Security Classification Requirements,SEP 2025 (DEVIATION),1840.302-3,C,I,FT,X,,PCD 25-22,A,A,A,A,A,A,A,A,A,,A,A,A,A
1852.240-76,Security Requirements for Unclassified Information Technology Resources,JAN 2026 (DEVIATION),1840.303-2,C,I,IBR,,,PCD 26-03A,A,A,A,A,A,A,A,A,A,,A,A,A,A
1852.242-72,Denied Access to NASA Facilities,DEC 2025 (DEVIATION),1842.7001,C,H,IBR,,,PCD 25-51,A,A,A,A,A,A,A,A,A,,A,A,A,
1852.242-73,NASA Contractor Financial Management Reporting,DEC 2025 (DEVIATION),1842.7202,C,G,IBR,,,PCD 25-51,A,R,A,R,A,R,A,R,R,,A,R,,
1852.242-78,Emergency Medical Services and Evacuation,DEC 2025 (DEVIATION),1842.7003,C,I,IBR,,,PCD 25-51,A,A,A,A,A,A,A,A,A,,A,A,A,
1852.243-72,Equitable Adjustments,JUL 2025 (DEVIATION),1843.305-70,C,H,IBR,X,,PCD 25-07,,,,,,,O,,,,,,,
1852.245–70,Contractor request for Government provided property,JULY 2026 (DEVIATION),1845.107-70(a)(1),C,G,IBR,,,PCD 25-36,,A,,A,,A,,A,A,,,,,
1852.245–71,Installation - accountable Government property,DEC 2025 (DEVIATION),1845.107-70(b)(1),C,G,FT,,,PCD 25-36,A,A,A,A,A,A,A,A,A,A,,,,
1852.245–72,Liability for Government property furnished for repair or other services,DEC 2025 (DEVIATION),1845.107-70 (c),C,I,IBR,,,PCD 25-36,,,,,A,,,,A,,,,A,
1852.245–73,Financial reporting of NASA property in the custody of contractors,DEC 2025 (DEVIATION),1845.107-70(d),C,G,FT,X,,PCD 25-36,A,A,A,A,A,A,A,A,A,A,A,,A,
1852.245-74,Identification and marking of Government equipment,DEC 2025 (DEVIATION),1845.107-709 (e ),C,D,FT,X,,PCD 25-36,A,A,,A,A,A,A,A,A,,,,A,
1852.245-75,Property management changes,DEC 2025 (DEVIATION),1845.107-70(f),C,G,IBR,,,PCD 25-36,A,A,A,A,A,A,A,A,A,A,,,A,
1852.245-76,List of Government property furnished pursuant to FAR 52.245-1,DEC 2025 (DEVIATION),1845.107-70(g),C,G,FT,X,,PCD 25-36,A,A,A,A,A,A,A,A,A,A,,,A,
1852.245-77,List of Government property furnished pursuant to FAR 52.245-2,DEC 2025 (DEVIATION),1845.107-70(h),C,G,FT,X,,PCD 25-36,A,A,A,A,A,A,A,A,A,A,,,A,
1852.245-78,Physical inventory of capital personal property,JULY 2026 (DEVIATION),1845.107-70(i),C,G,IBR,,,PCD 25-36,A,A,A,A,A,A,A,A,A,,,,A,
1852.245-79,Records and disposition reports for Government property with potential historic or significant real value.,DEC 2025 (DEVIATION),1845.107-70(j),C,G,IBR,,,PCD 25-36,A,A,A,A,A,A,,,A,A,,,A,
1852.245-80,Government property management information,DEC 2025 (DEVIATION),1845.107-70(k)(1),P,,FT,X,,PCD 25-36,A,A,A,A,A,A,A,A,A,A,,,A,
1852.245-81,List of available Government property,DEC 2025 (DEVIATION),1845.107-7(l),P,L,FT,X,,PCD 25-36,A,A,A,A,A,A,A,A,A,A,,,A,
1852.245-82,Occupancy management requirements,DEC 2025 (DEVIATION),1845.107-70(m),C,G,FT,X,,PCD 25-36,A,A,A,A,A,A,A,A,A,A,,,A,
1852.245-83,Real property management information,DEC 2025 (DEVIATION),1845.107-70(n),C,G,FT,X,,PCD 25-36,A,A,,A,A,A,A,A,A,A,,,A,
1852.246-71,Government Cotnract Quality Assurance,SEP 2025 (DEVIATION),1846.47,C,E,FT,X,X,PCD 25-26,O,O,O,O,O,O,O,O,O,,O,O,,
1852.246-72,Material Inspection and Receiving Report,SEP 2025 (DEVIATION),1846.67,C,E,FT,X,X,PCD 25-26,A,A,A,A,A,A,A,A,A,,A,A,A,A
1852.246-73,Human Space Flight Item,SEP 2025 (DEVIATION),1846.37,C,E,IBR,,,PCD 25-26,A,A,A,A,,,,,A,,A,,A,
1852.246-74,Contractor Counterfeit Electronic Part Detection and Avoidance,SEP 2025 (DEVIATION),1846.7003,C,I,IBR,,,PCD 25-26,A,A,A,A,A,A,A,A,A,A,A,A,A,A
1852.247-71,Protection of the Florida Manatee,JUN 2018,1847.7001,C,H,IBR,,,PCD 18-35,A,A,A,A,A,A,A,A,A,,A,A,A,A
1852.247-72,Advance Notice of Shipment,OCT 1998,1847.305-70(a),C,F,FT,X,X,PCD 25-42,O,O,O,O,,,,,O,,O,,O,
1852.247-73,Bills of Lading,JUN 2002,1847.305-70(b),C,F,FT,X,X,PCD 25-42,O,O,O,O,,,,,O,,O,,O,
