acquisition_type,order,phase,planned_days,note
commercial_ffp_13_5_competed,1,Intake,5,derived from LOE Estimator SAP timeline (about 4 months to award); confirm
commercial_ffp_13_5_competed,2,Market Research,20,derived from LOE Estimator SAP timeline (about 4 months to award); confirm
commercial_ffp_13_5_competed,3,Synopsis,15,derived from LOE Estimator SAP timeline (about 4 months to award); confirm
commercial_ffp_13_5_competed,4,Solicitation/Quote,20,derived from LOE Estimator SAP timeline (about 4 months to award); confirm
commercial_ffp_13_5_competed,5,Technical Evaluation,15,derived from LOE Estimator SAP timeline (about 4 months to award); confirm
commercial_ffp_13_5_competed,6,Price Reasonableness,10,derived from LOE Estimator SAP timeline (about 4 months to award); confirm
commercial_ffp_13_5_competed,7,Responsibility Check,3,derived from LOE Estimator SAP timeline (about 4 months to award); confirm
commercial_ffp_13_5_competed,8,Reviews and approvals,7,derived from LOE Estimator SAP timeline (about 4 months to award); confirm
commercial_ffp_13_5_competed,9,Award,10,derived from LOE Estimator SAP timeline (about 4 months to award); confirm
commercial_ffp_13_5_competed,10,FPDS-NG Report,3,derived from LOE Estimator SAP timeline (about 4 months to award); confirm
commercial_ffp_13_5_competed,11,Administration,365,derived from LOE Estimator SAP timeline (about 4 months to award); confirm
commercial_ffp_13_5_competed,12,Closeout,90,derived from LOE Estimator SAP timeline (about 4 months to award); confirm
commercial_ffp_13_5_sole_source,1,Intake,5,derived from LOE Estimator SAP timeline (about 4 months to award); confirm
commercial_ffp_13_5_sole_source,2,Market Research,15,derived from LOE Estimator SAP timeline (about 4 months to award); confirm
commercial_ffp_13_5_sole_source,3,JOFOC,15,derived from LOE Estimator SAP timeline (about 4 months to award); confirm
commercial_ffp_13_5_sole_source,4,Synopsis,15,derived from LOE Estimator SAP timeline (about 4 months to award); confirm
commercial_ffp_13_5_sole_source,5,Solicitation/Quote,15,derived from LOE Estimator SAP timeline (about 4 months to award); confirm
commercial_ffp_13_5_sole_source,6,Technical Evaluation,10,derived from LOE Estimator SAP timeline (about 4 months to award); confirm
commercial_ffp_13_5_sole_source,7,Price Reasonableness,10,derived from LOE Estimator SAP timeline (about 4 months to award); confirm
commercial_ffp_13_5_sole_source,8,Responsibility Check,3,derived from LOE Estimator SAP timeline (about 4 months to award); confirm
commercial_ffp_13_5_sole_source,9,Reviews and approvals,7,derived from LOE Estimator SAP timeline (about 4 months to award); confirm
commercial_ffp_13_5_sole_source,10,Award,10,derived from LOE Estimator SAP timeline (about 4 months to award); confirm
commercial_ffp_13_5_sole_source,11,FPDS-NG Report,3,derived from LOE Estimator SAP timeline (about 4 months to award); confirm
commercial_ffp_13_5_sole_source,12,Administration,365,derived from LOE Estimator SAP timeline (about 4 months to award); confirm
commercial_ffp_13_5_sole_source,13,Closeout,90,derived from LOE Estimator SAP timeline (about 4 months to award); confirm
idiq_parent,1,Intake,5,"Requirement, funding and ordering period confirmed"
idiq_parent,2,Market Research,20,
idiq_parent,3,Solicitation/Quote,30,
idiq_parent,4,Technical Evaluation,20,
idiq_parent,5,Price Reasonableness,15,
idiq_parent,6,Responsibility Check,3,
idiq_parent,7,Reviews and approvals,7,
idiq_parent,8,Award,10,
idiq_parent,9,FPDS-NG Report,3,
idiq_parent,10,Administration,1825,Ordering period
idiq_parent,11,Closeout,90,
order_under_idiq,1,Intake,3,
order_under_idiq,2,Fair Opportunity,5,FAR 16.505(b)(1)
order_under_idiq,3,Solicitation/Quote,10,
order_under_idiq,4,Technical Evaluation,7,
order_under_idiq,5,Price Reasonableness,5,
order_under_idiq,6,Responsibility Check,2,
order_under_idiq,7,Award,5,
order_under_idiq,8,FPDS-NG Report,3,
order_under_idiq,9,Administration,365,
order_under_idiq,10,Closeout,60,
bpa,1,Intake,3,
bpa,2,Market Research,10,
bpa,3,Solicitation/Quote,10,
bpa,4,Price Reasonableness,5,
bpa,5,Responsibility Check,2,
bpa,6,Award,5,
bpa,7,FPDS-NG Report,3,
bpa,8,Administration,365,Calls under the agreement and the annual review
bpa,9,Closeout,60,
fss_order,1,Intake,3,
fss_order,2,Fair Opportunity,5,FAR 8.405-1 or 8.405-2 by value
fss_order,3,Solicitation/Quote,7,
fss_order,4,Technical Evaluation,5,
fss_order,5,Price Reasonableness,5,
fss_order,6,Responsibility Check,2,
fss_order,7,Award,5,
fss_order,8,FPDS-NG Report,3,
fss_order,9,Administration,365,
fss_order,10,Closeout,60,
noncommercial_far15_competed,1,Intake,5,T-Minus planning assumption (no regulatory source). Same as the other plans. The NFS CG clocks below start at a complete requirement package.
noncommercial_far15_competed,2,Market Research,25,"T-Minus planning assumption (no regulatory source). MR report, NF 1787/1787A, acquisition strategy. NFS CG limit: NFS CG 1815.12(a), Final RFP within 60 days of receiving a complete requirement package; Market Research plus Synopsis (55 days) fits it. If the RFI has not gone out, NFS CG 1805.10(a): RFI within 30 days of concept approval. At $50 million or more, a Sources Sought Notice runs a minimum of 10 business days (NFS CG 1805.11)."
noncommercial_far15_competed,3,Synopsis,30,"Regulatory minimum: RFO FAR 5.101(d), Table 5-2 (noncommercial above the SAT: presolicitation notice 15 days before solicitation issuance). The remaining 15 days are a T-Minus planning assumption (no regulatory source): PSM or written plan above $10 million (NFS CG 1807.11); HQ PSM charts at least 10 working days before the meeting (NFS CG 1807.13(b)); Center RFP review (NFS CG 1815.12(c)). With a Draft RFP, NFS CG limit: NFS CG 1815.12(a), Final RFP within 45 days after the Draft RFP closes."
noncommercial_far15_competed,4,Solicitation/Quote,30,"Regulatory minimum: RFO FAR 5.201(d), Table 5-3 (all other non-commercial acquisitions: 30 days from solicitation; R&D acquisitions: 45 days from presolicitation notice). Blackout notice on RFP release (NFS CG 1815.11(i))."
noncommercial_far15_competed,5,Technical Evaluation,45,"T-Minus planning assumption (no regulatory source). Initial evaluation (SEB per NFS CG 1815.27 when complex), competitive range with a working goal of no more than three proposals (NFS 1815.204-1(b)), discussions, model contract and FPR (NFS CG 1815.25). NFS CG limit: NFS CG 1815.12(a), contract award within 120 days of proposal receipt (this plan: 87 days, 98 with ANOSCA)."
noncommercial_far15_competed,6,Price Reasonableness,20,"T-Minus planning assumption (no regulatory source). Cost or price and cost realism analysis, EPO support, rates and audit. The pricing review rule carries 5 days, also an assumption."
noncommercial_far15_competed,7,Responsibility Check,5,"T-Minus planning assumption (no regulatory source). SAM and FAPIIS, responsibility determination. On small business set-asides, the preaward notice (RFO FAR 15.206-1) and the five-business-day size protest window (noted in NFS CG 1805.32(b)(6))."
noncommercial_far15_competed,8,Reviews and approvals,7,"T-Minus planning assumption (no regulatory source). Reviews and approvals, same as the other plans."
noncommercial_far15_competed,9,Award,10,"T-Minus planning assumption (no regulatory source). At $30 million or more, plan 21 days: NFS CG limit: NFS CG 1805.32(b)(5), budget 10 days to 3 weeks for ANOSCA review and approval. After award: notice within 3 days (RFO FAR 15.207-2(b)); debriefing request within 3 days and debriefing within 5 days (RFO FAR 15.301-1(a)); stay window 10 days after award or 5 days after a debriefing (RFO FAR 33.105-3(b)(1))."
noncommercial_far15_competed,10,FPDS-NG Report,3,"Regulatory limit: RFO FAR 4.301(f)(2)(ii) (complete the CAR in FPDS within three business days after contract award). A deadline, not a minimum."
noncommercial_far15_competed,11,Administration,365,T-Minus planning assumption (no regulatory source). Placeholder; the real value is the period of performance on the record.
noncommercial_far15_competed,12,Closeout,180,"Regulatory limit: RFO FAR 4.308-2(b), Table 4-2 (firm-fixed-price contracts closed within 6 months after evidence of physical completion). Contracts requiring settlement of indirect cost rates: within 36 months (about 1,095 days); all other contracts: within 20 months. A ceiling, not a minimum; this row holds the FFP figure until a cost plan exists."
letter_contract,1,Intake,3,T-Minus practice (no regulatory source). Short intake: a letter contract is used when work must start immediately and a definitive contract cannot be negotiated in time (RFO FAR 16.603-2(a)).
letter_contract,2,JOFOC,5,"T-Minus practice (no regulatory source). A letter contract may not be entered into without competition when Part 6 requires it (RFO FAR 16.603-3(b)). Under unusual and compelling urgency (RFO FAR 6.103-2) the justification may be made after award when making it first would unreasonably delay the acquisition (RFO FAR 6.103-2(d)), and it is posted within 30 days after award (RFO FAR 6.301(b)(1)). No presolicitation notice is required under 6.103-2 (RFO FAR 5.101(b)(2))."
letter_contract,3,Solicitation/Quote,5,T-Minus practice (no regulatory source). Request the proposal basis and agree the definitization schedule; the letter contract should be as complete and definite as feasible (RFO FAR 16.603-2(a)). NASA limits the letter contract to the minimum severable effort the urgent requirement needs (NFS CG 1816.65).
letter_contract,4,Responsibility Check,2,T-Minus practice (no regulatory source). SAM exclusions reviewed immediately before award (RFO FAR 9.405(e)(4)); signing is the responsibility determination (RFO FAR 9.105-2(a)(1)).
letter_contract,5,Reviews and approvals,5,"T-Minus practice (no regulatory source). HCA written determination that no other contract is suitable (RFO FAR 16.603-3). At NASA the HCA approves issuing the letter contract and any modification that increases its value (NFS CG 1816.66(a), (b)), documented on the agency-wide UCA and letter contract template (NFS CG 1816.66(c))."
letter_contract,6,Award,2,T-Minus practice (no regulatory source). Letter contract with the definitization schedule (RFO FAR 16.603-2(c)); maximum Government liability no more than 50 percent of the estimated cost of the definitive contract unless the authorizing official approves more in advance (RFO FAR 16.603-2(d)); clauses per RFO FAR 16.603-4. Numbered as the definitive contract will be (NFS CG 1804.22(a)).
letter_contract,7,FPDS-NG Report,3,"Regulatory limit: RFO FAR 4.301(f)(2)(ii) (complete the CAR in FPDS within three business days after contract award). A deadline, not a minimum. If the letter contract is awarded under unusual and compelling urgency, the CAR is due within 30 days after award (RFO FAR 4.301(f)(2)(iii)); 3 days kept as the plan figure."
letter_contract,8,Price Reasonableness,180,"Regulatory limit: RFO FAR 16.603-2(c) (definitize within 180 days after the date of the letter contract or before 40 percent of the work is complete, whichever comes first; extreme cases may be extended under agency procedures). Proposal, audit, negotiation and the price negotiation memorandum. The definitizing action is a modification that keeps the letter contract number (NFS CG 1804.21(a), (b)). A ceiling, not a minimum."
letter_contract,9,Administration,365,T-Minus practice (no regulatory source). Placeholder; the real value is the period of performance on the record.
letter_contract,10,Closeout,1095,"Regulatory limit: RFO FAR 4.308-2(b), Table 4-2(3) (contracts requiring settlement of indirect cost rates: within 36 months, about 1,095 days). A firm-fixed-price definitive contract: within 6 months (Table 4-2(2)). A ceiling, not a minimum."
noncommercial_far15_competed_cost,1,Intake,5,T-Minus planning assumption (no regulatory source). Same as the other plans. The NFS CG clocks below start at a complete requirement package.
noncommercial_far15_competed_cost,2,Market Research,25,"T-Minus planning assumption (no regulatory source). MR report, NF 1787/1787A, acquisition strategy. NFS CG limit: NFS CG 1815.12(a), Final RFP within 60 days of receiving a complete requirement package; Market Research plus Synopsis (55 days) fits it. If the RFI has not gone out, NFS CG 1805.10(a): RFI within 30 days of concept approval. At $50 million or more, a Sources Sought Notice runs a minimum of 10 business days (NFS CG 1805.11)."
noncommercial_far15_competed_cost,3,Synopsis,30,"Regulatory minimum: RFO FAR 5.101(d), Table 5-2 (noncommercial above the SAT: presolicitation notice 15 days before solicitation issuance). The remaining 15 days are a T-Minus planning assumption (no regulatory source): PSM or written plan above $10 million (NFS CG 1807.11); HQ PSM charts at least 10 working days before the meeting (NFS CG 1807.13(b)); Center RFP review (NFS CG 1815.12(c)). With a Draft RFP, NFS CG limit: NFS CG 1815.12(a), Final RFP within 45 days after the Draft RFP closes."
noncommercial_far15_competed_cost,4,Solicitation/Quote,30,"Regulatory minimum: RFO FAR 5.201(d), Table 5-3 (all other non-commercial acquisitions: 30 days from solicitation; R&D acquisitions: 45 days from presolicitation notice). Blackout notice on RFP release (NFS CG 1815.11(i))."
noncommercial_far15_competed_cost,5,Technical Evaluation,45,"T-Minus planning assumption (no regulatory source). Initial evaluation (SEB per NFS CG 1815.27 when complex), competitive range with a working goal of no more than three proposals (NFS 1815.204-1(b)), discussions, model contract and FPR (NFS CG 1815.25). NFS CG limit: NFS CG 1815.12(a), contract award within 120 days of proposal receipt (this plan: 87 days, 98 with ANOSCA)."
noncommercial_far15_competed_cost,6,Price Reasonableness,20,"T-Minus planning assumption (no regulatory source). Cost or price and cost realism analysis, EPO support, rates and audit. The pricing review rule carries 5 days, also an assumption. Cost realism analysis and the probable cost are required on cost-reimbursement contracts (RFO FAR 15.404-3(b))."
noncommercial_far15_competed_cost,7,Responsibility Check,5,"T-Minus planning assumption (no regulatory source). SAM and FAPIIS, responsibility determination. On small business set-asides, the preaward notice (RFO FAR 15.206-1) and the five-business-day size protest window (noted in NFS CG 1805.32(b)(6))."
noncommercial_far15_competed_cost,8,Reviews and approvals,7,"T-Minus planning assumption (no regulatory source). Reviews and approvals, same as the other plans."
noncommercial_far15_competed_cost,9,Award,10,"T-Minus planning assumption (no regulatory source). At $30 million or more, plan 21 days: NFS CG limit: NFS CG 1805.32(b)(5), budget 10 days to 3 weeks for ANOSCA review and approval. After award: notice within 3 days (RFO FAR 15.207-2(b)); debriefing request within 3 days and debriefing within 5 days (RFO FAR 15.301-1(a)); stay window 10 days after award or 5 days after a debriefing (RFO FAR 33.105-3(b)(1))."
noncommercial_far15_competed_cost,10,FPDS-NG Report,3,"Regulatory limit: RFO FAR 4.301(f)(2)(ii) (complete the CAR in FPDS within three business days after contract award). A deadline, not a minimum."
noncommercial_far15_competed_cost,11,Administration,365,T-Minus planning assumption (no regulatory source). Placeholder; the real value is the period of performance on the record.
noncommercial_far15_competed_cost,12,Closeout,1095,"Regulatory limit: RFO FAR 4.308-2(b), Table 4-2(3) (contracts requiring settlement of indirect cost rates: closed within 36 months of the month the contracting officer receives evidence of physical completion, about 1,095 days). A ceiling, not a minimum."
ratification,1,Intake,5,"T-Minus practice (no regulatory source). The employee who made the commitment, or the supervisor, starts a procurement request on the agency-wide Ratification of Unauthorized Commitments template, with the signed statement and the price, routed through the program office director, who describes measures to prevent a recurrence (NFS CG 1801.43(b)(1)-(3))."
ratification,2,Price Reasonableness,5,"T-Minus practice (no regulatory source). The contracting officer determines the price fair and reasonable and recommends payment (RFO FAR 1.405(c)(4), (c)(5))."
ratification,3,Responsibility Check,2,T-Minus practice (no regulatory source). The resulting contract must otherwise have been proper if made by an authorized contracting officer (RFO FAR 1.405(c)(3)); SAM exclusions reviewed before award (RFO FAR 9.405(e)(4)).
ratification,4,Reviews and approvals,10,T-Minus practice (no regulatory source). Legal counsel concurs with the payment recommendation (RFO FAR 1.405(c)(5)); funds are available and were available when the commitment was made (RFO FAR 1.405(c)(6)); the ratifying official is the HCA or a delegate no lower than the chief of the contracting office (RFO FAR 1.405(b)(2)).
ratification,5,Award,3,T-Minus practice (no regulatory source). The ratifying official approves and the contract action is issued.
ratification,6,FPDS-NG Report,3,"Regulatory limit: RFO FAR 4.301(f)(2)(ii) (complete the CAR in FPDS within three business days after contract award). A deadline, not a minimum."
ratification,7,Closeout,30,"T-Minus practice (no regulatory source). No administration phase: the Government already accepted the supplies or services or received the benefit (RFO FAR 1.405(c)(1)). Under simplified acquisition procedures the file is closed on evidence of receipt and final payment (RFO FAR 4.308-2(b), Table 4-2(1)); a larger firm-fixed-price action within 6 months (Table 4-2(2))."
simplified_competed,1,Intake,3,"T-Minus practice (no regulatory source). NASA buys at or below the SAT go to the NSSC through the Simplified Acquisition Customer Portal, and the requiring activity obtains the center reviews (NFS CG 1812.41(a)-(c)). The exceptions in NFS CG 1812.41(a)(1)-(7) stay at the center, including orders under IDIQ contracts and BPAs the center retained (NFS CG 1812.41(a)(3))."
simplified_competed,2,Market Research,7,T-Minus practice (no regulatory source). Results documented in a manner that suits the size and complexity of the buy (RFO FAR 10.001(e)). Part 13 applies only when no commercial product or service meets the need (RFO FAR 13.001(a)(1)); noncommercial buys above the MPT and at or below the SAT must be set aside for small business (RFO FAR 13.102).
simplified_competed,3,Solicitation/Quote,10,"T-Minus practice (no regulatory source). Regulatory floor at or below the SAT: none, allow a reasonable opportunity to respond; 10 days if covered by the WTO GPA or an FTA and in the annual forecast, 40 days if covered and not in the forecast (RFO FAR 5.201(d), Table 5-3). RFQ normally posted in the GPE (RFO FAR 12.201-1(c)(1); RFO FAR 13.201), so no presolicitation notice (RFO FAR 5.101(b)(1)(i)). Soliciting directly from at least three sources (RFO FAR 12.201-1(c)(2)) needs a presolicitation notice unless an exemption applies (RFO FAR 12.201-1(c)(2)(i)): above $25,000, 15 days before issuance; above $20,000 to $25,000, posted for 10 days (RFO FAR 5.101(d), Table 5-2). Add that time to this phase."
simplified_competed,4,Technical Evaluation,5,T-Minus practice (no regulatory source). Quotations evaluated under RFO FAR 12.203 (noncommercial: RFO FAR 13.202).
simplified_competed,5,Price Reasonableness,3,"T-Minus practice (no regulatory source). Price determined fair and reasonable, based on competitive quotations whenever possible (RFO FAR 12.204(a); RFO FAR 13.203(a))."
simplified_competed,6,Responsibility Check,2,T-Minus practice (no regulatory source). SAM exclusions reviewed again immediately before award (RFO FAR 9.405(e)(4)); signing the order is the responsibility determination (RFO FAR 9.105-2(a)(1)).
simplified_competed,7,Reviews and approvals,3,T-Minus practice (no regulatory source). Center reviews; for NSSC buys the requiring activity obtains them before submission (NFS CG 1812.41(c)).
simplified_competed,8,Award,3,"T-Minus practice (no regulatory source). Purchase order on the OF 347 for noncommercial buys (RFO FAR 13.203(c)), or the SF 1449 or OF 347 for commercial buys (RFO FAR 12.204(c)(1)). File a written description of the procedures used and the number of quotations received (RFO FAR 13.203(b); RFO FAR 12.204(b)(1))."
simplified_competed,9,FPDS-NG Report,3,"Regulatory limit: RFO FAR 4.301(f)(2)(ii) (complete the CAR in FPDS within three business days after contract award). A deadline, not a minimum."
simplified_competed,10,Administration,90,T-Minus practice (no regulatory source). Placeholder; the real value is the period of performance on the record.
simplified_competed,11,Closeout,30,"T-Minus practice (no regulatory source). Files for contracts using simplified acquisition procedures are considered closed when the contracting officer receives evidence of receipt of property and final payment, unless agency regulations say otherwise (RFO FAR 4.308-2(b), Table 4-2(1)). No day count is set."
tm_order_under_idiq,1,Intake,3,T-Minus practice (no regulatory source). Same as order_under_idiq.
tm_order_under_idiq,2,Market Research,5,"T-Minus practice (no regulatory source). T&M determination and findings before the order is placed. Commercial: a D&F that firm-fixed-price or fixed-price with economic price adjustment is not suitable, and a ceiling price in the order (RFO FAR 12.104(b)(1)); orders under an IDIQ with T&M rates follow paragraph (b) (RFO FAR 12.104(c)(2)(i)); if the parent allows only T&M orders, the D&F is required only for the parent (RFO FAR 12.104(c)(2)(ii)). Noncommercial: a D&F that no other contract type is suitable, signed before the base or any option period and approved by the HCA when base plus options exceed three years (RFO FAR 16.601-3(a)), on the agency-wide noncommercial T&M D&F template (NFS CG 1816.62)."
tm_order_under_idiq,3,Fair Opportunity,5,T-Minus practice (no regulatory source). Each awardee gets a fair opportunity to be considered unless a sole-source order is justified and approved (RFO FAR 16.507-2(a)(1)).
tm_order_under_idiq,4,Solicitation/Quote,10,T-Minus practice (no regulatory source). Same as order_under_idiq.
tm_order_under_idiq,5,Technical Evaluation,7,T-Minus practice (no regulatory source). Same as order_under_idiq.
tm_order_under_idiq,6,Price Reasonableness,5,T-Minus practice (no regulatory source). Proposed hours and labor mix reviewed against the fixed hourly rates in the parent. The order must include a ceiling price that the contractor exceeds at its own risk (RFO FAR 12.104(b)(1)(ii); RFO FAR 16.601-3(c)).
tm_order_under_idiq,7,Responsibility Check,2,T-Minus practice (no regulatory source). Same as order_under_idiq.
tm_order_under_idiq,8,Award,5,T-Minus practice (no regulatory source). A COR must be assigned on every contract and order other than firm-fixed-price (RFO FAR 1.404(b)).
tm_order_under_idiq,9,FPDS-NG Report,3,"Regulatory limit: RFO FAR 4.301(f)(2)(ii) (complete the CAR in FPDS within three business days after contract award). A deadline, not a minimum."
tm_order_under_idiq,10,Administration,365,T-Minus practice (no regulatory source). Placeholder; the real value is the period of performance on the record. Government surveillance is required (RFO FAR 16.601-2(a)). Before any ceiling increase: a best-interest determination (RFO FAR 12.104(b)(2)) and the analysis and file documentation in RFO FAR 16.601-5.
tm_order_under_idiq,11,Closeout,608,"Regulatory limit: RFO FAR 4.308-2(b), Table 4-2(4) (all other contracts: within 20 months of the month the contracting officer receives evidence of physical completion, about 608 days). If indirect cost rates must be settled, Table 4-2(3) allows 36 months. A ceiling, not a minimum."
noncommercial_sole_source,1,Intake,5,T-Minus practice (no regulatory source). Same as the other plans.
noncommercial_sole_source,2,Market Research,15,"T-Minus practice (no regulatory source). Market research is still required on a sole-source buy: before soliciting above the SAT (RFO FAR 10.001(b)(2)), and its results go in the justification (RFO FAR 6.104-1(a)(8))."
noncommercial_sole_source,3,JOFOC,20,"T-Minus practice (no regulatory source). Justification content per RFO FAR 6.104-1 on the agency-wide JOFOC template (NFS CG 1806.15(a)); concurrences per the HQ CAM and the template signature page (NFS CG 1806.16). Approval, RFO FAR 6.104-2(a), Table 6-1 (value including options): $900,000 or below, contracting officer; above $900,000 to $20 million, advocate for competition; above $20 million to $150 million (NASA), head of the procuring activity; above $150 million (NASA), senior procurement executive. Urgency (RFO FAR 6.103-2): the justification and approval may follow award (RFO FAR 6.103-2(d)). 8(a) sole source above $30 million: a justification is required (RFO FAR 6.103-5(e); RFO FAR 19.208-2(a)(1))."
noncommercial_sole_source,4,Synopsis,15,"Regulatory minimum: RFO FAR 5.101(d), Table 5-2 (noncommercial above the SAT: presolicitation notice 15 days before solicitation issuance). The notice names the intended source and why competition is lacking (RFO FAR 5.101(c)(4)(vii)). Not required when using other than full and open competition, except under 6.103-1 and 6.103-6 (RFO FAR 5.101(b)(2)); for example urgency (6.103-2) or an 8(a) award (6.103-5)."
noncommercial_sole_source,5,Solicitation/Quote,30,"Regulatory minimum where the solicitation is posted: RFO FAR 5.201(d), Table 5-3 (all other non-commercial acquisitions: 30 days from solicitation). Posting is not required when the presolicitation notice was exempt under RFO FAR 5.101(b), other than (b)(1)(i) (RFO FAR 5.201(b)(1)); the days then are T-Minus practice for proposal preparation."
noncommercial_sole_source,6,Technical Evaluation,15,"T-Minus practice (no regulatory source). Technical evaluation of the one proposal, including the technical analysis of proposed labor and materials (RFO FAR 15.404-4(a))."
noncommercial_sole_source,7,Price Reasonableness,30,"T-Minus practice (no regulatory source). Certified cost or pricing data at or above $2.5 million unless an exception applies (RFO FAR 15.403-3(a); 15.403-2); otherwise data other than certified cost or pricing data as needed (RFO FAR 15.403-1(b)). Cost analysis (RFO FAR 15.404-2), prenegotiation objectives (RFO FAR 15.408-1(b)), negotiation (RFO FAR 15.407) and the price negotiation memorandum (RFO FAR 15.408-2(a)). DCAA audit requests are normally not made below $10 million fixed-price or $100 million cost-type (NFS CG 1815.46(d)(2))."
noncommercial_sole_source,8,Responsibility Check,5,T-Minus practice (no regulatory source). Responsibility standards (RFO FAR 9.104-1); FAPIIS review above the SAT (RFO FAR 9.104-6(a)(1)).
noncommercial_sole_source,9,Reviews and approvals,7,"T-Minus practice (no regulatory source). Reviews and approvals, same as the other plans."
noncommercial_sole_source,10,Award,10,"T-Minus practice (no regulatory source). Award on the OF 307, SF 26 or SF 33 (RFO FAR 15.207-1(b)(1)). At $30 million or more, plan 21 days: NFS CG limit: NFS CG 1805.32(b)(5), budget 10 days to 3 weeks for ANOSCA review and approval; a draft contract marked DRAFT may be shared with the prospective awardee before approval (NFS CG 1805.32(b)(8))."
noncommercial_sole_source,11,FPDS-NG Report,3,"Regulatory limit: RFO FAR 4.301(f)(2)(ii) (complete the CAR in FPDS within three business days after contract award). Under unusual and compelling urgency, within 30 days after award (RFO FAR 4.301(f)(2)(iii)). A deadline, not a minimum."
noncommercial_sole_source,12,Administration,365,T-Minus practice (no regulatory source). Placeholder; the real value is the period of performance on the record.
noncommercial_sole_source,13,Closeout,180,"Regulatory limit: RFO FAR 4.308-2(b), Table 4-2(2) (firm-fixed-price contracts, other than simplified: closed within 6 months after evidence of physical completion). Contracts requiring settlement of indirect cost rates: within 36 months (Table 4-2(3)); all other contracts: within 20 months (Table 4-2(4)). A ceiling, not a minimum."
noncommercial_sole_source_cost,1,Intake,5,T-Minus practice (no regulatory source). Same as the other plans.
noncommercial_sole_source_cost,2,Market Research,15,"T-Minus practice (no regulatory source). Market research is still required on a sole-source buy: before soliciting above the SAT (RFO FAR 10.001(b)(2)), and its results go in the justification (RFO FAR 6.104-1(a)(8))."
noncommercial_sole_source_cost,3,JOFOC,20,"T-Minus practice (no regulatory source). Justification content per RFO FAR 6.104-1 on the agency-wide JOFOC template (NFS CG 1806.15(a)); concurrences per the HQ CAM and the template signature page (NFS CG 1806.16). Approval, RFO FAR 6.104-2(a), Table 6-1 (value including options): $900,000 or below, contracting officer; above $900,000 to $20 million, advocate for competition; above $20 million to $150 million (NASA), head of the procuring activity; above $150 million (NASA), senior procurement executive. Urgency (RFO FAR 6.103-2): the justification and approval may follow award (RFO FAR 6.103-2(d)). 8(a) sole source above $30 million: a justification is required (RFO FAR 6.103-5(e); RFO FAR 19.208-2(a)(1))."
noncommercial_sole_source_cost,4,Synopsis,15,"Regulatory minimum: RFO FAR 5.101(d), Table 5-2 (noncommercial above the SAT: presolicitation notice 15 days before solicitation issuance). The notice names the intended source and why competition is lacking (RFO FAR 5.101(c)(4)(vii)). Not required when using other than full and open competition, except under 6.103-1 and 6.103-6 (RFO FAR 5.101(b)(2)); for example urgency (6.103-2) or an 8(a) award (6.103-5)."
noncommercial_sole_source_cost,5,Solicitation/Quote,30,"Regulatory minimum where the solicitation is posted: RFO FAR 5.201(d), Table 5-3 (all other non-commercial acquisitions: 30 days from solicitation). Posting is not required when the presolicitation notice was exempt under RFO FAR 5.101(b), other than (b)(1)(i) (RFO FAR 5.201(b)(1)); the days then are T-Minus practice for proposal preparation."
noncommercial_sole_source_cost,6,Technical Evaluation,15,"T-Minus practice (no regulatory source). Technical evaluation of the one proposal, including the technical analysis of proposed labor and materials (RFO FAR 15.404-4(a))."
noncommercial_sole_source_cost,7,Price Reasonableness,30,"T-Minus practice (no regulatory source). Certified cost or pricing data at or above $2.5 million unless an exception applies (RFO FAR 15.403-3(a); 15.403-2); otherwise data other than certified cost or pricing data as needed (RFO FAR 15.403-1(b)). Cost analysis (RFO FAR 15.404-2), prenegotiation objectives (RFO FAR 15.408-1(b)), negotiation (RFO FAR 15.407) and the price negotiation memorandum (RFO FAR 15.408-2(a)). DCAA audit requests are normally not made below $10 million fixed-price or $100 million cost-type (NFS CG 1815.46(d)(2)). Cost-type: no cost realism row; RFO FAR 15.404-3(b) ties cost realism to the probable cost of each offeror for evaluation, which the text does not extend to a sole-source award."
noncommercial_sole_source_cost,8,Responsibility Check,5,T-Minus practice (no regulatory source). Responsibility standards (RFO FAR 9.104-1); FAPIIS review above the SAT (RFO FAR 9.104-6(a)(1)).
noncommercial_sole_source_cost,9,Reviews and approvals,7,"T-Minus practice (no regulatory source). Reviews and approvals, same as the other plans."
noncommercial_sole_source_cost,10,Award,10,"T-Minus practice (no regulatory source). Award on the OF 307, SF 26 or SF 33 (RFO FAR 15.207-1(b)(1)). At $30 million or more, plan 21 days: NFS CG limit: NFS CG 1805.32(b)(5), budget 10 days to 3 weeks for ANOSCA review and approval; a draft contract marked DRAFT may be shared with the prospective awardee before approval (NFS CG 1805.32(b)(8))."
noncommercial_sole_source_cost,11,FPDS-NG Report,3,"Regulatory limit: RFO FAR 4.301(f)(2)(ii) (complete the CAR in FPDS within three business days after contract award). Under unusual and compelling urgency, within 30 days after award (RFO FAR 4.301(f)(2)(iii)). A deadline, not a minimum."
noncommercial_sole_source_cost,12,Administration,365,T-Minus practice (no regulatory source). Placeholder; the real value is the period of performance on the record.
noncommercial_sole_source_cost,13,Closeout,1095,"Regulatory limit: RFO FAR 4.308-2(b), Table 4-2(3) (contracts requiring settlement of indirect cost rates: closed within 36 months of the month the contracting officer receives evidence of physical completion, about 1,095 days). A ceiling, not a minimum."
