name,value,citation,effective_date,note,tier
Micro-purchase threshold,15000,"RFO FAR 2.101 (FAR Case 2024-001, 90 FR 41872)",2025-10-01,verified 2026-09-11 against RFO text,binding
Simplified acquisition threshold,350000,RFO FAR 2.101 (FAR Case 2024-001),2025-10-01,verified 2026-09-11,binding
Commercial simplified procedures ceiling,9000000,"RFO FAR 12.001, 12.102, 12.201-1 Table 12-1 (formerly 13.500)",2025-10-01,verified 2026-09-11,binding
"Commercial simplified procedures higher ceiling (contingency, cyber, nuclear, biological, chemical, radiological)",15000000,RFO FAR 12.001 (formerly 13.500); not inflation-adjusted,2025-10-01,verified 2026-09-11,binding
JOFOC approval tier: contracting officer certification,900000,RFO FAR 6.104-2 Table 6-1 (formerly 6.304),2025-10-01,"verified 2026-09-11; June 23, 2026 RFO proposed rule would realign tiers to FY2026 NDAA sec. 1804; re-verify Table 6-1 before each release",binding
JOFOC approval tier: competition advocate,20000000,RFO FAR 6.104-2 Table 6-1,2025-10-01,verified 2026-09-11; NASA competition advocate is the Deputy AA for Procurement (NFS CG 1806.01(a)),binding
JOFOC approval tier: head of contracting activity (NASA),150000000,"RFO FAR 6.104-2 Table 6-1 (DoD, NASA, Coast Guard); above this the senior procurement executive",2025-10-01,verified 2026-09-11,binding
Justification posting after award (days),14,RFO FAR 6.301 (formerly 6.305); 30 days for 6.103-2 urgency; brand name posted with the solicitation; minimum 30-day posting,2026-03-01,verified 2026-09-11,binding
Certified cost or pricing data (FAR text),2500000,RFO FAR 15.403-3(a) (pre-RFO FAR 15.403-4(a)(1)),2025-10-01,"CONFLICT with statute. FAR text. For NASA prime contracts entered into after June 30, 2026 the statute sets $10,000,000 (10 U.S.C. 3702(a)(1)(A), Pub. L. 119-60 sec. 1804(c); NASA covered by 10 U.S.C. 3063(6), 3064(a)). NASA has not issued a deviation as of Oct 7, 2026, and there is no FAR change yet; FAR Case 2026-003 (91 FR 59406) still proposes $2.5 million. Contracts entered into on or before June 30, 2026 keep the threshold stated in the contract. Show both.",binding
"Certified cost or pricing data (statute, contracts after June 30, 2026)",10000000,"10 U.S.C. 3702(a)(1)(A), (a)(3)(A)(i), as amended by Pub. L. 119-60 sec. 1804(c) (Dec. 18, 2025); applies to NASA through 10 U.S.C. 3063(6) and 3064(a)",2026-07-01,"Governs NASA prime contracts entered into after June 30, 2026 (price expected to exceed $10,000,000). Certified data below this figure need an HCA written, nondelegable determination (10 U.S.C. 3704; RFO FAR 15.403-3(e)). RFO FAR 15.403-3(a) still reads $2.5 million. NASA has not issued a deviation as of Oct 7, 2026. Modifications keep the threshold stated in the contract.",binding
Subcontracting plan,900000,"RFO FAR 19.702 (formerly 19.702); $2,000,000 for construction",2025-10-01,verified 2026-09-11,binding
Subcontracting plan (construction),2000000,RFO FAR 19.702,2025-10-01,verified 2026-09-11,binding
CPARS past performance evaluation,350000,RFO FAR Part 42 (formerly 42.1502): required for each contract that exceeds the simplified acquisition threshold,2025-10-01,verified 2026-09-11; same threshold for construction and A&E; retention six years for construction and A&E,binding
NASA Notification of Procurement Action (NPA) lower bound,7000000,NFS CG 1805.31: NPA for actions valued at or above $7M and below $30M; 8(a) public announcement at $7M or greater,2026-08-05,verified 2026-09-11; NFS 1805 marked Reserved by PCD 25-16A,guidance (mandatory per CG)
ANOSCA (Administrator notification of significant contract action),30000000,"NFS CG 1805.32: required at or above $30M, or deemed of significant interest at any value",2026-08-05,verified 2026-09-11,guidance (mandatory per CG)
Written acquisition plan generally not required at or below,10000000,NFS CG 1807.11 (Center procedures apply below); exceptions listed at CG 1807.11(g),2026-08-05,verified 2026-09-11; confirm the exact wording of 1807.11 before relying on it,guidance
PSM Executive Presentation approval: HCA,1000000000,"NFS CG 1807.11 / 1807.13: HCA approves below $1B (delegable no lower than one level above the CO for acquisitions at or below $50M); SPE at $1B or more; CAO with SPE concurrence at $2B or more, human spaceflight end items, or significant radioactive materials",2026-08-05,verified 2026-09-11,guidance
NF 1787 small business coordination,2000000,"NFS CG 1819.11(a) (Companion Guide): required above $2,000,000 when not set aside under FAR Part 19, for a modification adding out-of-scope work, and when bundling or consolidation is contemplated; exceptions in CG 1819.11(a)(2); NF 1787A market research documentation at $2M and above (CG 1810.12(c))",2026-08-05,verified 2026-09-11,binding (NFS) + guidance (CG)
NF 1787A market research documentation,2000000,NFS CG 1810.12(c),2026-08-05,verified 2026-09-11,guidance
Acquisition Forecast affirmation,350000,NFS CG 1807.703(a): the acquisition forecast must identify all known contract opportunities that exceed the simplified acquisition threshold,2025-10-01,"verified 2026-09-11; the NF 1707 text still reads $250,000 (stale form text)",binding
IT acquisition CIO authorization,any value,"FITARA; NFS 1839 / NFS CG 1839; PCD 25-06A: CIO authorization for all IT hardware, software, and services regardless of vehicle or dollar value",2026-03-13,"verified 2026-09-11; the NF 1707 Section 2 ""$7.5M"" figure could not be verified and is treated as stale",binding
Sources sought notice (NASA) minimum posting (business days),10,NFS CG 1805.11: for proposed actions of $50M or more,2026-08-05,verified 2026-09-11,guidance
Presolicitation notice before solicitation (days),15,"RFO FAR 5.101(d) Table 5-2: 15 days before solicitation issuance above $25,000; commercial above the SAT is combined with the solicitation (RFO FAR 12.202(b))",2026-03-01,verified 2026-09-11,binding
Response time above the SAT (days),30,RFO FAR 5.201(d) Table 5-3: 30 days from solicitation for other noncommercial acquisitions; commercial allows a reasonable opportunity to respond; R&D 45 days from the presolicitation notice; WTO GPA or FTA covered and not in the annual forecast 40,2026-03-01,verified 2026-09-11,binding
"GAO protest filing (days after basis known, or after a required debriefing)",10,4 CFR 21.2(a)(2),,verified 2026-09-11,binding
CICA stay: protest notice within days after award,10,31 U.S.C. 3553(d)(4); RFO FAR 33.104,,verified 2026-09-11,binding
"CICA stay: protest notice within days after a required, requested debriefing",5,31 U.S.C. 3553(d)(4),,verified 2026-09-11; file a day early so GAO can notify the agency,binding
Contract file records retention after final payment (years),6,RFO FAR 4.309 Table 4-3 (contracts: 6 years after final payment); NFS CG 1804.8,2025-10-01,"verified 2026-09-11; six years and three months in the prior table text, six years after final payment in the RFO table",binding
Earned value management system applicability,50000000,NFS 1834.201; NFS CG 1807.12(a)(6),2025-06-26,Seeded from the existing T-Minus estimator rule; PCD 25-05A applies,binding
